<?xml version="1.0" encoding="UTF-8" ?>
<!DOCTYPE mapper
        PUBLIC "-//mybatis.org//DTD Mapper 3.0//EN"
        "https://mybatis.org/dtd/mybatis-3-mapper.dtd">
<mapper namespace="com.maven_example.mapper.BookMapper">
    <select id="selectByBookName" resultType="com.maven_example.pojo.Book">
        select * from book where book_name = #{bookName};
    </select>

    <select id="selectByIdentification" resultType="com.maven_example.pojo.Book">
        select * from book where book_name = #{bookName} and author = #{author};
    </select>

    <select id="selectById" resultType="com.maven_example.pojo.Book">
        select * from book where id = #{id} limit 1;
    </select>

    <select id="search" resultType="com.maven_example.pojo.Book">
        select * from book where 1 = 1
        <if test="keyword != '%%'">
            and (book_name like #{keyword} or author like #{keyword})
        </if>
        <if test="classification != '%%'">and classification like #{classification}</if>
        <if test="type != '%%'">and type like #{type}</if>
    </select>

    <insert id="insert">
        insert into book values(null, #{bookName}, #{author}, #{description}, #{surplus}, #{classification}, #{type});
    </insert>

    <update id="updateById">
        update book set
            book_name = #{bookName},
            author = #{author},
            description = #{description},
            surplus = #{surplus},
            classification = #{classification},
            type = #{type}
        where id = #{id};
    </update>

    <update id="borrowBook">
        update book set surplus = surplus - 1 where id = #{id};
    </update>

    <update id="returnBook">
        update book set surplus = surplus + 1 where id = #{id};
    </update>
</mapper>