<?xml version="1.0" encoding="UTF-8" ?>
<!DOCTYPE mapper
        PUBLIC "-//mybatis.org//DTD Mapper 3.0//EN"
        "https://mybatis.org/dtd/mybatis-3-mapper.dtd">
<mapper namespace="com.maven_example.mapper.TransactionMapper">
    <insert id="borrowBook">
        insert into transaction values(null, #{bookId}, #{userId}, #{borrowDate}, null);
    </insert>
    <select id="filter" resultType="com.maven_example.pojo.Transaction">
        select * from transaction where book_id = #{bookId} and user_id = #{userId} order by id desc limit 1;
    </select>
    <select id="getTransactionById" resultType="com.maven_example.pojo.Transaction">
        select * from transaction where user_id = #{userId};
    </select>
    <select id="getUnreturned" resultType="com.maven_example.pojo.Transaction">
        select * from transaction where user_id = #{userId} and return_date is null;
    </select>
    <update id="returnBook">
        update transaction set return_date = #{returnDate} where id = #{id};
    </update>
</mapper>